room,bathroom,kitchen,french_door,backyard,furnished,green_paint,solar_power,woodfloor,qlm_security,club_access,price,MLR_PRICEPREDICT,RF_PRICEPREDICT,Knn_PRICEPREDICT
1,1,1,3,0,0,1,1,0,1,0,5068,5055,5346,5981
5,1,1,2,0,0,0,0,0,1,1,7658,7645,7717,7901
5,1,1,3,0,0,0,1,1,1,1,11318,11305,11432,10762
4,2,2,1,0,1,1,0,0,1,0,8858,8845,8816,8391
5,2,1,1,0,1,1,1,0,0,1,11178,11165,11090,10556
5,1,1,2,1,1,1,1,0,1,0,11388,11375,11452,11162
5,1,2,3,0,0,1,1,1,0,1,11748,11735,11728,12116
2,1,2,1,0,1,1,0,0,0,1,6848,6835,6870,7096
2,1,1,3,1,1,1,0,0,1,1,7828,7815,7869,7706
1,1,1,3,1,0,0,0,1,0,1,5908,5895,5854,6556
3,1,1,2,0,1,0,0,1,0,1,9108,9095,9101,9046
4,1,2,1,1,1,0,0,0,0,0,8308,8295,8528,7755
3,1,1,1,1,0,1,1,0,0,0,6708,6695,7033,7438
3,1,1,3,0,1,0,1,1,1,1,11318,11305,11284,10614
2,1,1,1,0,1,0,1,0,1,0,7218,7205,7303,7708
3,2,1,1,0,1,1,1,0,0,1,9178,9165,9499,8995
2,1,1,3,0,1,0,0,1,1,1,8788,8775,8864,8658
4,2,2,1,1,1,0,1,1,0,1,12758,12745,12784,12346
4,1,2,3,0,1,0,1,0,0,0,9758,9745,9843,9692
2,2,2,1,0,0,0,0,1,0,1,6668,6655,7049,7194
4,2,2,3,0,1,1,0,0,1,0,9338,9325,8922,9918
5,1,2,2,0,0,1,0,0,1,0,7798,7785,7455,8105
2,2,1,3,0,0,0,0,1,1,1,7088,7075,7134,7414
1,1,2,3,0,0,1,0,0,0,1,4328,4315,4213,4831
3,2,2,3,1,1,0,0,1,0,0,9978,9965,10159,9769
1,1,1,1,0,1,0,0,1,0,1,6868,6855,7347,6119
2,1,1,3,1,0,0,0,1,1,1,7348,7335,7404,8194
1,1,1,2,1,1,0,1,1,1,0,8908,8895,9105,7464
3,1,1,1,1,0,0,1,0,0,0,6338,6325,6815,6461
4,2,2,1,1,1,1,0,0,0,1,9708,9695,9322,9169
2,2,1,3,0,0,1,1,0,0,1,6658,6645,6617,6454
4,1,2,2,0,1,0,0,1,1,0,10318,10305,10038,10012
4,2,2,1,1,1,0,0,1,0,0,10498,10485,10528,9478
2,2,1,2,1,0,0,1,1,1,0,8208,8195,8248,7258
4,2,2,1,0,0,0,1,0,0,0,7578,7565,7721,8441
3,1,2,1,1,1,0,0,1,1,1,10368,10355,10223,10712
3,1,2,3,0,1,1,0,1,0,0,9488,9475,9173,9192
5,2,1,3,1,1,1,0,0,1,1,11128,11115,11079,11394
2,2,1,2,1,1,1,0,1,1,1,9778,9765,9406,9128
5,1,1,1,0,1,0,1,1,1,1,12838,12825,13326,11698
4,1,2,1,1,0,0,0,0,0,0,6308,6295,6722,7166
1,1,1,1,1,0,0,0,1,1,0,5138,5125,5271,5425
4,2,2,1,0,0,1,1,1,0,0,9838,9825,9969,9531
2,1,1,3,1,1,0,0,1,0,1,8908,8895,8954,8448
5,2,1,3,0,1,1,0,1,1,0,11728,11715,11614,11412
1,2,1,2,0,0,1,0,1,1,1,6218,6205,6123,5682
2,2,1,1,1,0,0,0,0,0,0,4108,4095,4345,4789
5,2,1,2,0,1,0,1,0,1,1,11488,11475,11423,11156
4,2,1,2,0,0,1,1,1,0,0,9578,9565,9566,9608
1,1,1,3,1,0,1,0,1,0,0,5548,5535,5488,6101
4,2,2,1,0,1,0,1,1,0,0,11468,11455,11515,11376
3,2,1,1,0,1,0,1,1,1,0,10408,10395,10586,10066
1,1,1,1,0,0,0,0,1,0,0,4138,4125,4857,5019
3,1,1,2,1,0,0,1,0,1,1,7748,7735,7884,7588
5,2,1,1,0,1,1,1,1,0,1,13068,13055,13670,11718
5,2,1,2,1,0,1,0,1,0,0,9608,9595,9680,9175
1,1,1,3,1,1,0,0,0,1,1,6458,6445,6120,6928
4,2,2,1,0,0,0,0,1,1,0,8378,8365,8392,8365
3,2,1,1,1,1,0,0,1,1,1,10168,10155,10024,9715
5,2,2,2,1,0,0,0,0,0,0,7848,7835,7809,8519
3,2,1,3,1,0,1,0,1,1,0,8288,8275,7859,8695
5,2,2,3,1,1,1,1,1,1,0,14318,14305,13544,13184
1,1,2,1,0,1,1,1,0,1,0,7088,7075,7284,6941
3,2,1,3,0,0,0,1,1,0,0,8448,8435,8486,8995
4,2,2,2,1,1,1,1,1,0,0,12638,12625,12553,12204
2,1,1,2,1,0,0,0,1,1,1,7108,7095,7124,8016
5,1,2,2,1,1,1,1,0,0,0,11448,11435,11315,10872
2,1,1,2,1,1,1,1,1,0,1,10568,10555,10577,10129
5,2,2,2,1,0,1,0,1,0,0,10108,10095,9945,9535
3,2,1,1,1,0,0,0,0,1,0,5548,5535,5549,5575
2,2,1,1,0,1,1,0,1,1,0,8248,8235,8130,7886
5,2,2,1,0,1,0,0,1,1,1,12108,12095,12132,11862
2,2,1,2,0,0,0,0,0,1,0,4228,4215,4138,4721
2,1,2,2,0,0,0,0,1,0,0,5878,5865,6230,6556
4,1,2,1,1,0,0,0,1,1,1,9368,9355,9522,9442
3,2,2,2,0,1,0,1,0,1,0,9258,9245,8661,8722
3,1,2,2,1,0,0,1,0,0,0,7078,7065,6909,7295
5,2,2,2,1,0,1,1,1,0,0,11638,11625,11243,11344
4,2,2,1,1,1,1,0,1,0,0,10868,10855,10971,10489
3,2,2,1,0,1,1,1,1,0,0,10838,10825,10576,9842
2,1,1,1,1,1,1,0,1,0,1,8798,8785,8822,8634
1,2,1,1,1,1,1,0,1,0,0,7368,7355,7449,7314
5,1,2,2,1,1,0,0,1,1,0,11878,11865,11877,11604
4,1,2,2,0,0,1,1,0,1,0,8328,8315,8210,8985
5,1,2,1,0,1,1,1,0,1,1,11818,11805,11714,11374
1,1,2,3,0,1,0,0,0,0,1,5958,5945,6176,6902
3,2,2,3,1,0,1,0,1,1,0,8788,8775,8733,8868
2,2,1,3,0,1,1,0,1,0,0,8288,8275,8273,8206
2,2,2,2,1,0,0,0,1,1,0,7178,7165,6898,7142
4,1,1,3,1,0,0,1,0,1,0,8258,8245,8256,9202
5,1,1,2,0,0,1,0,0,0,1,7588,7575,7646,8025
5,1,2,1,1,1,1,1,0,0,1,11938,11925,12167,11865
5,2,1,1,0,1,1,0,1,1,1,11978,11965,11735,11441
1,1,1,3,1,1,1,0,1,1,0,7988,7975,7917,7965
2,2,1,3,0,0,1,1,0,0,1,6658,6645,6617,6454
4,1,2,1,0,1,0,0,1,1,1,10808,10795,11062,10529
2,1,1,3,1,1,1,1,1,1,1,11248,11235,11132,10459
4,1,2,1,1,0,1,1,0,0,0,8208,8195,8274,8234
2,2,2,2,1,0,1,1,1,0,1,9368,9355,9239,8395
4,2,2,2,0,0,0,0,0,1,1,7458,7445,7399,8021
2,1,2,2,1,0,1,0,1,1,0,7248,7235,7040,7245
2,1,2,2,0,0,1,1,1,1,1,8948,8935,8723,8398
2,2,1,3,1,0,0,0,0,0,0,4588,4575,4578,4999
5,1,2,2,0,0,0,1,0,1,1,9688,9675,9901,10272
1,2,2,1,0,0,0,1,0,1,1,5748,5735,5836,5462
2,2,2,3,1,0,0,0,0,0,0,5088,5075,4845,5452
4,2,1,3,0,1,1,1,0,0,1,10658,10645,10705,9788
2,1,1,2,0,1,1,1,1,1,0,9718,9705,9764,9592
2,1,1,3,1,1,0,0,1,1,0,8618,8605,8598,9034
5,2,1,1,1,1,0,1,1,0,0,12528,12515,12666,11442
3,2,2,2,1,0,0,0,1,1,0,8178,8165,7810,9241
1,2,2,1,0,0,1,1,0,1,1,6118,6105,6101,5734
3,1,1,2,0,1,1,0,1,1,0,9188,9175,9215,8985
1,2,2,2,0,0,1,0,1,1,1,6718,6705,6489,6416
3,1,1,2,1,0,1,1,1,1,0,9278,9265,9188,9656
3,1,2,2,0,1,1,1,0,0,1,9618,9605,9640,9011
3,1,2,1,1,1,1,1,0,0,1,9938,9925,10234,9788
2,1,2,2,1,1,1,0,0,1,0,7358,7345,7219,7385
5,1,2,3,0,1,0,0,0,0,0,9228,9215,8924,9606
1,1,1,3,0,1,1,1,0,1,1,7798,7785,7498,7084
3,2,1,2,1,0,0,0,1,1,1,8408,8395,7862,8201
3,2,1,1,1,1,0,0,0,1,0,7548,7535,7517,7894
1,1,1,2,1,1,0,1,0,0,0,6578,6565,6659,6212
2,2,2,1,0,1,1,1,0,0,1,8678,8665,8584,8394
5,2,1,3,1,1,0,0,1,0,1,12208,12195,12365,12355
4,1,2,3,1,0,0,1,1,0,0,10208,10195,10234,9715
5,2,2,2,1,0,1,1,0,1,1,10918,10905,10623,11099
1,1,2,2,0,1,1,0,0,1,0,5798,5785,5762,5574
1,2,1,2,1,0,0,0,1,0,0,5238,5225,5234,5756
1,2,2,2,1,0,0,1,0,0,1,6108,6095,6110,5955
1,2,2,1,0,0,1,0,0,1,0,3858,3845,3840,5004
1,1,2,2,1,0,0,1,0,1,1,6248,6235,6197,6375
5,1,1,3,1,0,1,0,1,1,0,9988,9975,9849,10148
1,1,1,2,1,0,1,0,1,1,1,6478,6465,6033,6854
3,1,1,1,1,1,1,1,1,1,0,11038,11025,10998,10066
1,2,1,2,0,0,1,1,1,0,0,6578,6565,6551,6308
1,1,2,2,0,1,0,0,0,0,0,4988,4975,5125,5939
4,2,2,2,0,1,0,1,1,0,0,11708,11695,11666,10549
3,1,1,2,1,0,1,1,0,1,1,8118,8105,8051,7626
3,2,2,3,1,0,0,0,1,1,1,9148,9135,8762,9099
4,1,1,3,1,1,0,0,1,1,0,10618,10605,10836,10644
4,2,1,1,1,0,1,1,1,1,0,10338,10325,9922,9694
1,2,1,2,0,1,0,0,0,0,1,5518,5505,5938,6178
3,1,2,1,0,0,1,0,1,1,0,7448,7435,7516,7339
3,2,2,2,1,0,0,0,1,1,1,8908,8895,8702,8305
3,2,1,2,1,1,0,1,1,0,1,11498,11485,11489,10641
2,1,2,1,0,0,0,1,0,0,1,6008,5995,6391,5438
1,2,2,1,0,0,1,1,1,1,0,7278,7265,7335,6238
1,1,2,3,0,0,0,1,0,1,0,5198,5185,5370,6059
3,2,2,2,0,1,0,1,1,0,0,10708,10695,10698,9975
5,2,1,3,1,1,1,0,1,1,1,13018,13005,12678,12092
1,2,1,2,0,1,1,1,1,1,1,9748,9735,9517,8699
4,1,1,3,1,0,0,1,1,0,1,10438,10425,10348,9965
2,2,2,1,1,1,0,1,1,1,1,11198,11185,11240,9625
1,2,1,2,1,0,1,1,1,1,1,8308,8295,8185,8171
5,1,2,1,1,1,1,1,0,0,1,11938,11925,12167,11865
4,2,1,3,1,0,0,0,0,1,1,7758,7745,7322,8309
2,1,2,3,0,0,1,1,1,0,0,8018,8005,7812,7509
3,2,2,2,1,0,1,1,1,0,1,10368,10355,10296,9556
3,1,2,3,1,1,0,1,0,0,1,10048,10035,10241,9785
5,1,2,1,1,1,0,1,0,1,1,12008,11995,12192,11729
2,1,1,2,1,1,1,1,0,0,1,8678,8665,8959,8228
3,2,2,2,1,1,1,0,1,0,1,10838,10825,10774,10022
3,1,1,1,0,0,1,0,1,1,0,6948,6935,6944,6919
3,1,1,1,1,1,1,1,0,0,1,9438,9425,9499,9315
2,2,2,3,1,1,0,0,1,0,1,9708,9695,9350,8374
5,1,2,1,1,1,1,0,1,0,1,12298,12285,12347,12082
3,2,2,1,0,1,1,0,0,0,0,7418,7405,7448,8106
5,2,1,3,0,1,1,0,1,1,0,11728,11715,11614,11412
1,2,1,2,1,0,0,1,0,0,1,5608,5595,5601,5504
5,2,1,2,1,0,0,1,0,1,0,9318,9305,9493,10112
1,2,2,3,0,1,1,1,0,0,1,8158,8145,7979,7614
4,1,1,3,1,1,1,1,0,0,1,10918,10905,10939,10595
1,1,1,2,1,0,0,0,1,0,1,5668,5655,5588,5302
2,1,1,3,1,1,1,0,0,0,0,6658,6645,6543,6305
2,2,2,2,0,1,1,0,0,1,1,7828,7815,7344,7769
3,2,1,1,1,1,1,0,0,0,1,8208,8195,8337,7968
3,2,1,2,1,1,0,0,1,1,0,9678,9665,9612,9454
1,2,2,3,1,0,1,1,1,0,0,7878,7865,7716,7151
5,1,1,3,1,1,0,0,0,1,1,10458,10445,10652,9871
3,2,2,2,0,1,1,1,1,0,1,11808,11795,11446,10746
4,2,1,2,1,0,0,1,0,1,0,8318,8305,8271,8579
2,1,2,1,1,0,0,1,1,1,1,8898,8885,8953,8634
2,1,2,2,1,0,1,1,1,0,0,8338,8325,7992,7518
1,1,1,2,0,0,1,0,1,1,0,5188,5175,5509,6431
2,2,1,3,1,1,1,1,0,1,1,9658,9645,9439,8792
1,2,2,2,1,1,0,0,1,1,1,8908,8895,8461,8218
1,2,1,3,1,1,1,1,0,1,1,8658,8645,7964,8031
3,2,2,3,0,1,0,0,1,0,1,10148,10135,9936,9398
3,2,1,1,0,1,0,0,0,1,1,7718,7705,7548,7852
2,1,2,2,0,0,0,0,1,0,0,5878,5865,6230,6556
3,2,2,3,1,0,0,0,1,1,0,8418,8405,8050,9225
3,1,2,2,0,0,1,0,0,0,0,5358,5345,5160,6278
4,2,2,2,0,0,0,0,0,0,0,6288,6275,6538,7424
2,1,2,3,0,0,0,0,1,1,1,7288,7275,7287,6546
2,1,2,2,1,1,1,0,0,1,0,7358,7345,7219,7385
2,2,2,2,1,1,1,1,1,1,1,11808,11795,11726,11564
2,2,2,2,1,1,1,1,0,1,1,9918,9905,9592,9365
3,2,2,2,0,0,0,0,0,1,0,5728,5715,5656,5772
5,2,1,3,0,1,0,0,1,1,0,11358,11345,11364,10858
2,2,2,2,1,1,0,1,0,1,1,9548,9535,8991,8229
1,2,1,1,0,1,1,0,1,0,1,7538,7525,7909,7659
5,1,2,2,1,1,0,1,1,0,0,12968,12955,12963,12251
3,1,2,2,0,0,1,0,0,0,0,5358,5345,5160,6278
2,1,2,1,0,1,1,0,1,0,0,8008,7995,8089,8058
4,2,2,3,1,0,1,0,0,1,0,7898,7885,7702,8441
5,2,2,1,1,0,1,1,0,0,1,10238,10225,9683,10082
2,2,2,1,0,1,0,0,1,1,0,8378,8365,8277,8918
4,2,2,2,0,1,0,0,1,0,0,10178,10165,10389,9822
5,2,2,3,1,0,0,1,1,1,0,11948,11935,11607,12076
5,2,1,1,0,0,0,1,1,0,1,10698,10685,11212,9664
4,1,1,3,1,0,0,0,1,0,1,8908,8895,9023,8761
2,2,2,3,1,1,1,1,0,0,0,8988,8975,8912,8476
2,1,1,1,1,1,1,1,0,1,0,8148,8135,8114,7785
3,1,2,1,0,0,0,1,1,1,1,9338,9325,9112,9866
3,2,1,3,1,1,0,1,1,1,1,12178,12165,11984,10585
1,2,1,3,0,1,0,1,1,1,1,9618,9605,9576,9461
2,1,2,2,0,0,1,0,1,0,1,6978,6965,6965,6895
1,2,1,1,0,1,1,0,0,1,1,6088,6075,6052,7176
1,2,2,1,0,1,0,0,0,1,0,5488,5475,5616,5614
5,2,1,3,1,1,0,0,1,1,1,12648,12635,12554,12048
2,1,2,1,0,0,1,0,0,0,0,4118,4105,4220,4754
3,2,1,3,0,0,0,0,0,0,1,5758,5745,6292,7478
5,2,1,2,0,0,0,1,0,1,0,8758,8745,9183,9436
4,2,1,2,0,0,0,0,1,1,1,8848,8835,8890,8882
2,1,1,1,1,1,1,0,0,0,0,6178,6165,6206,6488
3,2,2,3,0,0,0,0,1,1,0,7858,7845,7804,7578
3,2,1,3,0,0,0,1,0,0,0,6558,6545,6902,7232
1,1,1,3,0,1,1,1,0,1,1,7798,7785,7498,7084
2,2,1,1,0,0,0,0,0,1,1,4718,4705,4965,4966
5,1,1,3,0,1,0,1,1,0,1,12878,12865,13366,12474
3,1,2,1,1,0,1,0,1,1,0,8008,7995,7998,8012
3,2,1,1,1,0,1,1,0,1,0,7448,7435,7410,6508
5,1,2,1,1,0,1,1,0,0,0,9208,9195,9074,9396
3,1,1,1,0,0,1,1,0,0,0,6148,6135,6664,7056
5,1,2,2,1,1,0,1,1,0,1,13698,13685,13654,12935
3,2,2,3,0,1,0,1,0,0,0,9058,9045,8690,9156
5,1,2,1,1,0,0,0,1,1,1,10368,10355,10202,10979
1,1,2,3,1,1,0,0,1,1,1,8848,8835,8482,8108
2,2,2,2,1,1,0,0,0,0,0,6848,6835,6719,6952
2,2,1,1,0,1,0,0,0,0,0,5548,5535,5977,6005
2,2,2,1,0,1,0,1,0,1,0,8018,8005,7967,7635
4,2,2,1,1,0,1,0,0,1,0,7418,7405,7422,7384
2,1,1,1,1,1,1,0,1,0,1,8798,8785,8822,8634
5,2,2,1,1,0,0,0,0,1,1,8778,8765,8812,9532
3,2,2,1,0,1,0,1,1,1,1,11638,11625,11456,10912
2,1,1,3,0,1,0,1,1,0,0,9148,9135,9220,8494
5,2,1,1,0,1,1,1,0,1,0,10888,10875,10767,10461
5,2,2,1,0,1,1,0,1,0,0,11308,11295,11276,10044
3,1,1,1,0,1,0,1,0,0,0,7778,7765,8185,8279
5,1,1,2,0,0,1,1,0,0,1,9118,9105,9126,9794
4,1,2,2,0,0,1,1,0,1,0,8328,8315,8210,8985
1,2,1,3,1,1,1,0,0,0,1,6688,6675,6124,7242
2,2,2,1,0,0,1,0,0,1,1,5588,5575,5427,5512
4,1,2,1,1,0,1,0,0,0,1,7408,7395,7370,7212
3,1,1,2,0,0,0,0,1,1,0,6818,6805,6929,6911
1,2,2,1,0,1,0,1,1,1,1,9638,9625,9471,9092
2,2,2,3,0,1,1,0,0,1,1,8068,8055,7581,7762
4,1,1,2,1,0,0,0,0,0,0,6048,6035,6339,6838
3,2,1,2,0,0,0,0,1,0,0,6678,6665,6902,7445
5,1,2,2,0,0,1,1,1,1,0,11218,11205,11174,11486
4,1,2,3,1,1,0,0,0,1,1,9958,9945,9849,10271
1,2,2,2,0,1,0,0,0,0,0,5288,5275,5323,5729
4,2,2,3,1,0,0,0,1,0,0,8978,8965,8879,9299
5,2,1,2,1,1,0,1,0,1,0,11318,11305,11124,11225
3,2,1,3,0,0,0,1,0,1,0,6998,6985,6955,7599
1,2,1,2,1,1,0,1,0,1,0,7318,7305,7318,7009
3,2,2,2,0,1,1,0,1,1,1,10718,10705,10331,10512
3,1,2,3,1,0,0,1,0,1,0,7758,7745,7310,8958
5,2,2,3,1,0,1,1,0,1,1,11158,11145,10982,10488
5,2,1,1,1,1,0,1,0,1,1,11808,11795,11939,11016
3,2,1,3,0,0,0,0,0,1,0,5468,5455,5481,6169
1,2,2,3,1,0,1,1,0,1,0,6428,6415,6234,6539
4,1,2,2,0,1,1,0,0,1,1,9528,9515,9477,9572
5,2,1,2,1,0,1,0,0,0,1,8448,8435,8379,8155
5,1,1,2,0,0,1,1,0,1,1,9558,9545,9648,9816
3,1,1,2,0,1,0,0,1,1,0,8818,8805,8992,9134
1,2,2,2,1,0,1,0,0,0,0,4218,4205,3702,4858
4,1,1,3,1,1,0,0,1,1,0,10618,10605,10836,10644
2,1,2,3,1,0,1,1,1,1,0,9018,9005,8847,8901
1,2,1,2,0,0,0,0,0,0,0,2788,2775,3013,3845
4,1,1,3,1,0,1,0,1,1,1,9718,9705,9560,9638
5,1,1,2,1,1,1,0,1,1,1,12478,12465,12507,12154
2,1,2,1,1,1,0,1,1,0,1,10458,10445,10747,9579
1,2,1,3,1,0,0,0,0,1,1,4758,4745,4734,4994
4,2,1,1,1,0,1,1,1,1,1,11068,11055,10785,10242
5,2,2,2,0,1,1,1,0,0,1,11918,11905,11536,11958
4,2,1,1,1,0,1,0,0,0,0,6478,6465,6412,6781
3,2,1,1,1,0,1,1,1,1,1,10068,10055,10064,9806
3,2,2,3,0,0,0,1,1,1,0,9388,9375,9031,8848
5,2,1,3,0,1,0,0,1,0,0,10918,10905,10858,10631
2,2,1,2,0,1,0,1,1,0,0,9208,9195,9357,9361
5,2,1,1,1,1,1,1,0,1,0,11448,11435,11378,11351
4,1,2,3,1,0,1,0,1,1,0,9488,9475,9498,9255
5,1,2,1,1,1,0,0,0,0,0,9308,9295,9427,9225
4,2,1,3,1,1,0,1,0,0,0,10118,10105,9863,10136
4,1,1,3,1,1,1,0,0,1,0,9098,9085,8999,9984
3,2,1,3,0,0,1,0,0,0,0,5398,5385,5245,6879
3,2,2,3,0,0,1,0,1,1,1,8958,8945,8511,8525
5,1,1,1,0,1,1,0,1,0,0,10508,10495,10893,10439
4,2,2,1,1,0,1,0,1,0,0,8868,8855,8597,8665
4,2,1,1,0,1,1,1,1,0,0,11338,11325,11592,11061
3,2,1,3,0,1,0,1,0,0,0,8558,8545,8586,8846
3,2,2,1,0,0,0,0,1,1,1,8108,8095,8192,8269
4,1,1,1,1,0,0,0,0,0,1,6538,6525,6685,7022
1,2,2,2,0,0,1,1,1,0,0,7078,7065,7026,7041
4,1,2,1,0,0,1,0,1,1,1,9178,9165,9339,9009
3,1,2,3,1,1,0,0,1,0,1,10408,10395,10345,10091
1,1,1,2,1,1,0,1,1,0,0,8468,8455,8841,7212
4,1,1,3,0,1,1,0,1,0,1,10718,10705,10821,10706
4,1,1,1,1,0,0,1,1,0,1,9958,9945,10032,10332
3,2,1,1,1,1,1,1,1,0,1,11628,11615,11411,10806
2,1,1,2,1,0,0,1,1,0,0,7468,7455,7922,6765
4,2,2,1,1,1,1,0,0,0,0,8978,8965,8912,9389
2,1,2,3,0,0,0,1,1,0,1,8378,8365,8307,7932
2,1,1,1,0,0,1,1,0,0,1,5878,5865,6356,6031
3,2,2,3,1,0,0,0,1,1,0,8418,8405,8050,9225
3,2,2,3,1,1,1,0,0,0,0,8458,8445,8407,8599
5,2,1,2,1,0,1,1,0,1,0,9688,9675,9683,9719
1,1,1,3,0,1,1,0,1,0,1,7718,7705,8117,7396
4,2,2,3,0,0,1,0,0,1,1,8068,8055,7896,8875
2,1,2,2,0,0,1,0,1,1,1,7418,7405,7406,7352
2,1,2,1,1,1,0,1,1,0,0,9728,9715,10193,8619
3,1,2,1,1,0,0,1,0,0,1,7568,7555,7593,7736
2,2,2,2,1,1,0,0,1,0,1,9468,9455,9250,8852
2,1,1,2,1,0,0,1,0,0,1,6308,6295,6481,5705
4,2,2,2,1,0,0,0,1,0,1,9468,9455,9382,9095
2,1,2,3,1,0,1,0,1,1,0,7488,7475,7334,7401
3,1,2,1,0,1,0,1,0,0,0,8278,8265,8379,8566
3,1,2,1,0,0,0,0,0,1,1,5918,5905,5976,5896
3,1,2,1,1,1,0,0,0,1,0,7748,7735,7674,8051
2,2,1,2,1,0,0,1,1,0,0,7768,7755,8059,7736
2,2,1,3,0,1,1,0,1,1,0,8728,8715,8565,8568
3,2,2,1,1,0,0,0,0,0,0,5608,5595,5703,6481
1,1,2,3,0,1,1,1,0,1,1,8298,8285,7851,7626
4,2,1,3,1,1,1,0,0,0,1,9688,9675,9338,9735
2,1,1,3,1,0,1,1,0,1,1,7358,7345,6960,7084
4,1,2,3,0,0,1,1,1,1,1,11188,11175,11044,11189
5,2,1,2,0,0,1,0,0,0,1,7888,7875,8012,8665
3,1,1,2,1,0,1,0,0,1,1,6588,6575,6334,7172
2,2,1,3,0,1,1,1,1,1,0,10258,10245,10140,9804
5,1,2,2,0,0,1,0,0,1,0,7798,7785,7455,8105
1,2,1,2,1,0,0,0,0,0,1,4078,4065,4167,4941
4,2,2,1,1,1,1,1,1,0,0,12398,12385,12334,11524
5,1,1,2,1,0,0,0,0,1,1,8218,8205,8399,8824
4,1,2,1,0,1,1,1,1,1,1,12708,12695,12514,11764
3,1,1,1,1,0,1,1,1,1,0,9038,9025,9162,9579
5,2,2,3,0,0,1,1,0,0,1,10158,10145,9693,10608
1,1,2,3,1,1,1,0,0,0,1,6888,6875,6586,6942
2,2,1,2,1,0,0,1,0,0,0,5878,5865,5890,5699
4,2,2,1,1,1,0,0,1,1,1,11668,11655,11630,11179
3,2,2,3,1,0,1,1,1,1,1,11048,11035,10965,10354
1,1,1,1,0,1,0,0,0,0,0,4248,4235,4702,4455
1,1,1,2,0,1,0,1,0,1,1,7188,7175,7386,7948
5,2,1,1,1,1,1,0,0,0,1,10208,10195,10158,9911
2,2,1,3,0,1,1,0,0,0,0,6398,6385,6510,7338
3,2,1,2,1,0,0,0,1,0,0,7238,7225,7206,8101
1,2,1,2,1,1,0,1,1,0,1,9498,9485,9408,7971
4,1,2,2,0,1,1,1,1,0,1,12508,12495,12243,12276
2,1,1,3,1,1,0,0,1,1,0,8618,8605,8598,9034
2,2,2,2,1,0,0,0,0,0,0,4848,4835,4649,5286
1,1,1,3,1,0,1,0,1,0,1,6278,6265,5931,6879
2,1,2,1,0,1,1,0,0,1,0,6558,6545,6610,7578
1,2,1,3,1,0,0,1,1,1,1,8178,8165,8225,7575
3,1,2,2,0,0,1,1,1,0,1,9508,9495,9401,8252
3,2,1,1,1,0,0,1,1,1,0,8968,8955,8754,8641
1,1,1,2,0,0,0,0,1,1,1,5548,5535,5705,6925
2,2,1,3,0,0,0,1,0,1,0,5998,5985,6088,6335
1,2,2,2,1,0,0,0,1,1,1,6908,6895,6792,6885
4,1,2,2,0,1,0,0,0,1,0,8428,8415,8481,9062
3,1,2,3,0,0,1,1,1,1,1,10188,10175,9746,9355
3,2,2,3,1,1,0,1,1,0,0,11508,11495,11415,10541
1,1,1,3,1,1,0,1,1,0,1,9438,9425,9600,7429
4,1,2,3,1,1,0,0,0,1,0,9228,9215,8930,9286
2,1,2,2,1,1,0,0,1,0,0,8438,8425,8559,8244
2,2,1,1,0,1,0,0,1,1,0,7878,7865,7917,7871
5,2,1,1,1,0,1,0,1,0,0,9368,9355,9414,9248
1,2,2,1,0,0,1,0,0,1,1,4588,4575,4514,5344
5,1,1,2,0,0,1,1,0,0,1,9118,9105,9126,9794
1,1,2,2,0,0,1,1,0,0,0,4888,4875,4896,5274
3,2,2,2,0,0,0,0,1,1,1,8348,8335,8282,8598
3,2,2,1,1,0,0,1,0,0,1,7868,7855,7775,7726
2,2,2,1,1,0,1,0,1,0,0,6868,6855,6904,6502
5,2,2,3,0,0,0,0,0,1,1,8698,8685,8434,9048
4,2,1,1,0,0,0,1,0,0,0,7078,7065,7505,8128
2,1,2,3,0,0,0,1,0,0,0,5758,5745,5897,5999
2,1,2,3,0,1,0,0,1,1,0,8558,8545,8540,8428
3,2,2,2,1,1,0,0,0,1,1,9018,9005,8505,8265
1,2,2,1,0,0,0,1,0,0,0,4578,4565,4878,4705
1,1,1,1,0,0,1,0,0,0,1,3348,3335,3675,4252
4,2,2,1,1,0,1,0,0,0,1,7708,7695,7462,7954
1,1,2,3,0,0,1,0,1,1,0,5928,5915,5945,5676
5,2,1,2,0,1,0,0,0,1,1,9958,9945,9891,10951
3,2,2,2,1,0,0,1,0,0,0,7378,7365,7172,7829
4,1,1,3,0,0,1,1,0,1,0,8068,8055,8132,9349
3,2,1,1,0,0,1,0,1,1,1,7978,7965,7652,7994
2,2,2,2,1,0,1,0,0,1,1,6388,6375,6053,6085
5,1,2,1,0,0,0,0,0,0,0,6748,6735,6853,7474
3,1,2,2,1,0,0,0,1,1,1,8608,8595,8633,8769
2,2,2,2,1,1,1,0,0,0,1,7948,7935,7866,7684
4,2,1,1,1,0,1,1,0,0,0,8008,7995,8048,8345
2,1,2,2,1,1,0,0,0,0,1,7278,7265,7673,7464
3,1,1,1,1,0,0,0,0,0,0,4808,4795,4930,5305
5,1,2,2,0,0,1,0,1,0,0,9248,9235,9201,8804
5,1,2,3,0,1,0,0,0,0,0,9228,9215,8924,9606
3,2,2,1,1,1,1,1,0,1,1,10678,10665,10377,10776
3,1,1,3,0,1,0,1,1,0,1,10878,10865,11181,10574
3,2,2,3,0,0,1,1,0,0,1,8158,8145,7836,8684
3,2,2,2,0,0,1,1,0,0,0,7188,7175,6974,7472
5,1,1,1,0,0,1,0,0,1,0,7058,7045,7174,7211
3,1,2,3,1,1,1,0,0,1,0,8598,8585,8532,8305
2,1,2,2,0,1,1,0,1,0,1,8978,8965,9151,8761
2,1,1,2,0,0,1,0,0,1,1,5028,5015,4866,5118
2,2,2,1,0,0,1,0,0,1,0,4858,4845,4849,5802
2,2,1,3,1,0,0,1,1,1,0,8448,8435,8538,7841
5,2,2,1,0,1,0,0,1,0,1,11668,11655,11807,11879
1,2,1,2,0,1,1,1,0,1,0,7128,7115,7385,6988
4,2,1,3,0,1,0,0,1,1,0,10358,10345,10326,9998
1,2,2,2,0,0,1,0,1,1,0,5988,5975,5999,6628
5,1,2,1,1,1,0,0,1,1,0,11638,11625,11729,10894
2,2,1,1,1,0,1,1,1,0,1,8628,8615,8920,8628
5,2,1,3,1,1,1,0,1,0,1,12578,12565,12518,12049
5,1,1,2,1,0,1,1,1,0,1,11568,11555,11652,11446
3,2,1,1,1,0,0,1,1,0,1,9258,9245,9584,9092
5,1,1,3,0,1,0,1,0,0,1,10988,10975,11331,10454
4,1,1,3,1,1,0,1,1,1,0,12148,12135,12300,10759
3,2,2,2,1,1,1,1,1,0,0,11638,11625,11581,11408
5,1,2,2,1,0,1,0,0,0,0,7918,7905,7897,8194
3,2,1,3,1,1,0,0,1,0,1,10208,10195,10191,10004
5,2,2,3,0,0,1,1,1,0,0,11318,11305,11289,11299
5,1,1,2,0,0,1,1,0,1,0,8828,8815,9223,9362
1,1,1,3,0,0,0,1,1,0,1,6878,6865,7023,7042
5,1,2,2,1,1,1,1,1,0,0,13338,13325,13080,11828
2,1,2,2,1,0,0,1,0,0,1,6808,6795,6824,6209
2,2,2,1,1,1,0,1,1,0,0,10028,10015,10267,9204
3,2,2,2,0,0,0,1,0,1,0,7258,7245,7053,6792
5,1,1,2,1,1,0,1,0,0,1,11308,11295,11365,11101
3,2,1,1,1,0,1,1,0,0,0,7008,6995,7194,7685
1,1,1,3,0,1,0,0,0,1,1,5898,5885,6029,6216
2,2,2,1,1,1,1,0,0,1,1,8148,8135,7562,7919
2,1,1,3,1,0,1,1,0,0,1,6918,6905,6763,6365
1,2,2,1,1,0,1,1,0,0,0,5508,5495,5489,6025
3,1,2,3,1,0,0,0,1,0,1,8408,8395,8576,8926
3,1,2,2,1,1,1,0,0,0,0,7918,7905,7898,8755
1,1,2,1,0,1,1,1,0,1,1,7818,7805,7459,7354
5,1,1,1,0,0,0,0,1,0,1,8868,8855,9110,8875
4,2,1,1,0,1,1,0,1,1,1,10978,10965,10907,10468
5,1,1,2,1,1,1,1,1,0,0,12838,12825,12855,11736
2,2,1,1,1,0,0,1,1,0,1,8258,8245,8728,7909
2,2,1,1,0,1,1,0,0,0,1,6648,6635,6750,6914
3,2,1,1,0,1,1,0,0,0,1,7648,7635,7901,8528
5,2,1,2,1,0,0,0,1,0,1,9968,9955,9928,9738
4,2,1,3,0,0,0,1,0,0,0,7558,7545,7843,8706
3,2,2,1,1,0,1,1,0,1,1,8678,8665,8277,8212
4,2,1,2,0,1,1,0,0,0,0,8158,8145,8272,8618
4,1,1,1,0,0,0,1,0,1,0,7218,7205,7315,7681
3,1,2,2,0,1,0,0,1,0,0,8878,8865,9060,8782
3,1,2,1,1,0,1,0,0,0,1,6408,6395,6577,6506
3,1,1,2,1,1,1,0,0,0,1,8148,8135,8456,7654
2,1,2,3,0,1,0,1,0,1,0,8198,8185,8022,7588
3,1,1,3,0,1,0,0,1,1,1,9788,9775,9591,9336
2,1,1,2,0,1,0,1,1,0,1,9638,9625,9967,9535
1,2,1,2,0,1,1,0,0,0,0,5158,5145,5122,5531
1,1,1,1,1,0,1,0,1,1,0,5508,5495,5600,6338
4,2,2,1,0,0,1,0,0,1,0,6858,6845,7071,7075
4,1,2,2,1,0,1,0,1,0,1,9538,9525,9373,9662
3,1,2,1,1,0,0,0,1,0,1,7928,7915,8368,8508
1,1,2,1,1,0,1,1,1,0,0,7098,7085,7073,6581
2,2,1,1,1,0,0,0,1,1,0,6438,6425,6407,6496
3,1,1,1,1,0,0,1,0,0,1,7068,7055,7483,7838
4,1,1,2,1,0,1,0,1,0,0,8308,8295,8402,9176
5,2,2,1,0,0,1,0,1,1,0,9748,9735,9700,9552
2,2,2,2,0,1,1,1,0,1,0,8628,8615,8504,8421
5,2,2,2,0,0,1,1,1,0,0,11078,11065,11120,11344
2,1,2,1,0,0,0,0,1,0,0,5638,5625,6139,6858
4,2,1,1,0,1,0,0,0,0,1,8278,8265,8473,7948
1,1,2,3,0,1,0,1,1,0,1,9378,9365,9386,8561
2,1,2,1,1,0,1,1,0,0,0,6208,6195,6362,6229
5,1,2,2,1,0,0,0,0,0,0,7548,7535,7679,7276
3,2,2,2,1,0,0,1,1,0,0,9268,9255,9366,9074
3,2,2,1,1,1,0,0,1,0,0,9498,9485,9732,9076
2,1,1,1,0,1,1,1,1,1,1,10208,10195,10373,9022
1,1,1,3,1,1,1,0,0,1,1,6828,6815,6329,6869
3,2,2,2,0,1,1,0,0,1,0,8098,8085,7907,8785
1,2,2,1,0,0,1,1,1,0,1,7568,7555,7369,6694
5,1,1,3,0,1,1,0,0,1,0,9538,9525,9915,9946
2,1,2,3,0,0,1,0,0,0,1,5328,5315,5204,5985
3,2,2,3,1,1,0,0,1,1,1,11148,11135,10746,10564
2,2,1,2,1,0,1,0,1,0,1,7338,7325,7180,7105
2,1,1,2,1,0,1,1,1,0,1,8568,8555,8594,8402
3,2,2,3,0,1,0,1,1,0,0,10948,10935,10760,10098
2,1,1,2,1,0,1,1,1,0,1,8568,8555,8594,8402
3,2,2,3,0,0,1,1,0,0,0,7428,7415,7236,8419
2,2,2,1,1,1,1,0,1,0,1,9598,9585,9618,9255
1,2,1,2,1,0,0,0,1,0,1,5968,5955,5903,6848
1,1,1,2,1,0,0,1,0,1,1,5748,5735,5719,5641
3,1,2,3,0,1,1,1,0,0,0,9128,9115,9142,8871
1,1,1,1,0,1,0,0,0,1,1,5418,5405,5818,6069
4,1,1,3,1,1,1,1,0,0,1,10918,10905,10939,10595
2,1,1,2,1,0,1,1,1,1,0,8278,8265,8128,7759
4,1,2,3,1,0,1,1,0,1,1,9858,9845,9804,10219
4,1,1,3,1,1,1,1,0,1,0,10628,10615,10477,10506
5,2,2,3,0,0,0,0,0,1,1,8698,8685,8434,9048
3,2,2,1,0,0,0,1,0,1,0,7018,7005,7087,7105
2,2,1,3,0,1,1,0,1,0,0,8288,8275,8273,8206
4,2,1,3,1,0,1,0,0,0,0,6958,6945,6755,7812
3,1,1,1,0,0,0,1,1,0,1,8398,8385,8998,8852
2,1,2,3,0,0,1,1,1,1,1,9188,9175,8902,8678
5,1,1,1,1,0,1,1,0,1,1,9878,9865,9551,9934
5,2,1,2,1,0,1,1,0,0,0,9248,9235,9020,9886
5,1,1,3,0,1,0,0,0,0,0,8728,8715,8723,8884
3,2,2,3,1,1,1,0,1,0,0,10348,10335,10199,9835
2,1,2,1,0,0,1,1,1,1,1,8708,8695,8739,8041
2,2,1,1,0,0,1,1,0,1,0,5888,5875,5909,5525
5,1,1,2,1,1,1,0,0,0,1,10148,10135,10306,10268
1,2,1,2,1,0,1,1,0,1,0,5688,5675,5366,5914
4,1,2,3,0,1,1,1,1,0,0,12018,12005,11788,11158
1,1,1,1,1,0,1,0,0,1,0,3618,3605,3356,4806
1,1,2,1,1,0,1,0,0,1,0,4118,4105,3963,4568
3,1,2,1,0,0,1,1,1,1,1,9708,9695,9185,9398
5,1,2,2,1,1,0,0,1,1,1,12608,12595,12573,11849
5,1,2,3,0,1,0,1,1,1,1,13818,13805,13926,12858
1,2,2,3,1,0,0,0,1,1,0,6418,6405,6071,6278
5,2,2,3,1,1,1,1,0,0,1,12718,12705,12389,12412
5,2,2,2,0,0,1,1,1,1,1,12248,12235,12009,11439
2,2,2,1,0,0,1,1,0,0,0,5948,5935,5918,5918
2,1,2,1,0,1,1,0,1,1,0,8448,8435,8471,8366
1,2,1,1,0,1,1,1,1,0,1,9068,9055,9151,8185
3,1,1,3,1,0,1,0,1,0,1,8278,8265,8194,8581
3,2,1,2,1,1,1,1,0,1,0,9688,9675,9451,9018
5,1,2,1,0,1,1,1,0,1,0,11088,11075,11214,10622
2,1,1,1,1,0,1,0,0,0,0,4178,4165,4579,4775
1,1,2,1,0,1,1,0,1,1,0,7448,7435,7338,7765
2,1,2,3,1,1,1,1,0,0,1,9418,9405,9235,9144
5,1,1,2,0,0,1,0,1,0,1,9478,9465,9700,9788
2,2,2,2,1,0,1,1,0,1,1,7918,7905,7171,7482
1,2,1,2,1,0,0,1,0,1,0,5318,5305,4991,5426
1,2,1,1,0,1,1,1,1,0,1,9068,9055,9151,8185
5,2,2,3,1,0,1,1,0,0,1,10718,10705,9807,10604
5,1,2,2,1,0,1,1,0,1,0,9888,9875,9706,9552
1,2,2,3,0,0,0,1,1,0,0,6948,6935,6837,6329
4,2,1,2,0,1,0,0,1,1,1,10848,10835,10726,10166
2,2,1,1,0,0,1,1,1,0,0,7338,7325,7362,7511
4,2,1,1,1,1,1,1,1,1,1,13068,13055,13196,11994
1,1,1,1,0,0,0,1,1,1,0,6108,6095,6337,6489
4,1,1,2,1,1,1,1,1,0,0,11838,11825,11992,11391
4,2,2,2,1,1,0,0,1,1,1,11908,11895,11667,11164
4,2,1,3,0,0,0,1,0,0,0,7558,7545,7843,8706
3,2,1,1,1,1,0,0,0,1,0,7548,7535,7517,7894
1,2,2,1,0,0,0,0,1,1,0,5378,5365,5648,5551
1,1,1,1,0,0,0,0,0,1,0,2688,2675,2717,3035
5,2,2,1,1,1,0,1,1,1,0,13468,13455,13439,12765
5,1,1,1,1,0,0,1,1,0,0,10228,10215,10240,10384
2,2,1,1,1,1,0,0,1,0,0,7998,7985,8044,7705
2,1,1,3,0,1,1,0,0,0,1,6828,6815,6967,6734
5,2,2,1,1,1,1,1,0,0,1,12238,12225,12270,12549
3,1,1,1,0,1,0,0,1,1,0,8578,8565,8764,8519
3,1,2,1,1,0,1,0,1,1,0,8008,7995,7998,8012
4,1,1,3,1,1,1,1,1,0,0,12078,12065,12126,11115
5,2,1,1,1,1,1,0,0,1,0,9918,9905,10136,9441
5,1,1,2,0,1,1,0,0,1,0,9298,9285,9648,8861
3,2,1,3,1,1,0,1,0,1,1,10288,10275,9898,9875
1,2,2,3,0,1,0,1,0,1,0,7498,7485,7493,7742
4,1,1,1,1,1,0,1,0,0,0,9338,9325,9448,9304
1,2,1,3,1,0,0,0,0,0,1,4318,4305,4505,4929
1,2,1,2,0,1,1,0,0,1,0,5598,5585,5436,5696
3,2,2,2,1,1,1,1,0,1,1,10918,10905,10447,11008
1,1,1,3,1,1,0,0,0,0,1,6018,6005,5991,6366
1,1,1,2,1,0,1,1,1,0,1,7568,7555,7546,7569
1,2,1,1,0,0,0,1,0,1,0,4518,4505,4713,4772
5,1,2,2,1,0,1,0,0,0,0,7918,7905,7897,8194
1,2,1,3,0,0,1,0,1,1,0,5728,5715,5685,5878
5,1,2,1,1,1,1,0,0,1,0,10118,10105,10248,10535
1,2,2,2,1,0,1,1,1,1,1,8808,8795,8487,8019
5,1,1,3,1,1,0,1,0,1,0,11258,11245,11110,11086
4,2,2,2,0,0,0,0,1,1,0,8618,8605,8547,8845
3,1,2,3,1,0,0,1,0,1,1,8488,8475,8413,8779
2,1,2,3,0,0,1,0,1,1,1,7658,7645,7591,7415
1,1,1,3,0,1,0,1,0,0,0,6258,6245,6714,6795
1,2,1,3,0,1,1,1,0,0,0,6928,6915,7250,6894
4,1,1,1,0,0,0,1,1,0,0,8668,8655,9026,9264
2,2,2,2,1,1,1,1,1,1,1,11808,11795,11726,11564
2,1,2,1,1,1,0,1,0,0,0,7838,7825,7902,7511
3,1,1,2,0,1,1,1,0,1,0,8828,8815,8820,8512
5,2,2,1,1,0,1,1,0,1,0,9948,9935,9469,10884
3,1,2,2,0,0,1,1,1,1,0,9218,9205,8842,9651
5,1,2,2,1,1,0,1,0,1,0,11518,11505,11516,11221
5,1,2,2,0,0,1,0,1,1,0,9688,9675,9676,10352
3,2,1,2,0,1,0,1,0,1,1,9488,9475,9511,8921
3,1,2,3,1,1,0,1,0,0,1,10048,10035,10241,9785
2,2,1,1,0,1,1,1,1,0,0,9338,9325,9378,7954
3,2,1,2,0,0,1,1,0,0,0,6688,6675,6931,7265
4,1,1,2,1,1,0,1,0,0,1,10308,10295,10540,10412
1,2,1,2,1,0,0,0,1,1,1,6408,6395,6182,6102
4,1,2,3,0,1,0,1,0,0,1,10488,10475,10641,10495
3,2,1,2,1,0,0,1,0,0,0,6878,6865,7080,7504
5,1,1,3,1,0,1,0,0,0,1,8388,8375,8156,9192
1,2,2,3,0,1,1,0,0,0,0,5898,5885,5832,6088
3,1,2,3,1,0,0,1,0,1,0,7758,7745,7310,8958
3,2,2,1,1,1,0,1,0,0,1,9868,9855,9930,8936
2,2,2,3,1,0,1,1,1,0,1,9608,9595,9422,9839
5,2,2,3,0,1,0,0,1,1,0,11858,11845,11772,11556
4,1,1,2,1,0,0,1,0,0,0,7578,7565,7660,8431
4,2,2,1,0,0,0,0,1,1,0,8378,8365,8392,8365
2,1,1,2,0,0,0,0,0,1,0,3928,3915,3852,4696
5,1,2,3,1,0,1,0,0,0,1,8888,8875,8427,9551
3,1,1,1,0,1,1,0,1,0,0,8508,8495,8648,8599
1,2,2,1,1,0,0,1,1,1,0,7468,7455,7265,6975
3,2,1,1,1,1,0,0,1,0,1,9728,9715,9590,9685
5,2,2,2,1,0,0,1,1,0,0,11268,11255,11183,10802
1,2,1,1,0,0,1,0,0,0,0,2918,2905,3248,3886
2,1,2,3,1,1,1,1,0,0,1,9418,9405,9235,9144
5,2,1,1,0,1,1,1,1,1,0,12778,12765,12856,11191
5,1,2,1,0,1,0,0,0,1,1,9918,9905,10197,10278
3,1,1,1,1,0,1,1,0,0,0,6708,6695,7033,7438
1,2,1,3,0,0,1,0,1,1,0,5728,5715,5685,5878
5,1,1,2,1,1,1,1,0,1,1,12118,12105,12133,11724
5,1,1,1,0,1,1,1,1,1,0,12478,12465,12717,11691
2,1,1,2,0,1,0,1,0,0,0,7018,7005,7349,7424
2,2,1,1,1,0,0,1,1,1,1,8698,8685,8703,8184
2,1,1,1,1,1,0,1,1,0,0,9228,9215,9540,8218
5,2,1,1,0,1,0,0,0,1,0,8988,8975,9533,9724
1,1,2,3,0,1,1,1,1,0,1,9748,9735,9592,8796
2,1,1,3,0,0,0,1,1,0,1,7878,7865,7924,7244
3,1,1,2,1,1,0,1,0,0,1,9308,9295,9332,9215
3,2,1,2,1,1,1,0,1,1,1,10778,10765,10656,10516
1,1,2,3,0,1,1,1,0,0,1,7858,7845,7765,7665
3,1,2,1,1,0,1,1,0,1,1,8378,8365,8182,8655
1,2,2,2,0,1,1,0,1,1,1,8718,8705,8469,8674
3,1,1,1,0,0,1,1,0,1,0,6588,6575,6802,6809
5,1,1,3,1,1,0,1,0,1,1,11988,11975,12052,11456
5,1,2,2,0,0,0,0,1,0,0,8878,8865,8849,8179
3,1,2,2,1,0,1,1,0,0,1,8178,8165,8068,7965
5,2,2,1,0,0,0,0,0,0,1,7778,7765,7845,8074
1,2,1,2,0,1,0,0,1,1,1,7848,7835,7764,7349
3,1,1,3,1,0,0,1,1,0,1,9438,9425,9623,8975
5,2,1,3,0,0,1,0,0,0,0,7398,7385,7471,7914
2,2,1,1,0,0,0,0,1,1,1,6608,6595,6597,7359
2,1,1,1,1,0,0,1,0,1,0,5778,5765,6057,6271
2,2,2,3,1,0,0,0,0,0,1,5818,5805,5602,6264
4,1,2,1,0,1,1,1,0,1,1,10818,10805,10881,10728
5,2,2,3,1,0,1,0,1,0,0,10348,10335,9921,10428
4,1,2,3,0,0,1,0,0,1,0,7038,7025,7173,7992
4,2,2,3,1,1,1,0,1,0,1,12078,12065,11977,11726
4,2,2,2,1,0,0,1,0,1,0,8818,8805,8712,8984
4,1,1,1,1,0,0,1,0,0,1,8068,8055,8498,8896
3,1,1,1,0,1,1,1,1,1,1,11208,11195,11134,10694
3,1,1,2,0,0,0,0,0,1,1,5658,5645,5693,5759
2,1,2,3,1,1,0,1,0,1,1,9488,9475,9097,8642
4,1,2,2,0,0,1,0,0,0,0,6358,6345,6692,7411
4,1,2,1,1,1,0,1,1,1,1,12898,12885,12893,12256
4,1,1,1,0,1,0,0,0,1,0,7688,7675,8325,7591
5,2,1,2,0,0,0,0,1,1,0,9118,9105,9185,9318
3,1,2,3,1,1,0,1,0,1,1,10488,10475,10485,10346
1,2,2,1,1,0,1,1,0,0,1,6238,6225,6116,6375
4,1,2,2,1,0,0,0,0,1,0,6988,6975,6908,7425
3,2,1,1,0,0,1,0,0,1,1,6088,6075,6012,6522
5,1,2,1,1,0,1,0,0,1,0,8118,8105,7939,8411
1,2,2,2,0,1,1,1,1,0,1,9808,9795,9640,8548
4,1,2,2,0,0,1,0,0,0,1,7088,7075,7110,7254
1,2,2,1,0,0,0,0,0,0,1,3778,3765,4091,4496
1,1,2,3,0,1,1,0,1,0,1,8218,8205,8367,7318
3,1,1,1,0,0,1,1,1,1,0,8478,8465,8744,7954
1,1,2,3,0,1,1,0,0,0,0,5598,5585,5632,6266
4,2,2,1,0,0,1,1,1,1,1,11008,10995,10810,10104
3,2,1,1,0,0,1,1,1,0,1,9068,9055,9170,9905
1,2,1,3,1,0,1,1,1,0,0,7378,7365,7452,7722
1,1,1,3,0,0,0,1,0,0,1,4988,4975,5349,6174
1,2,2,2,1,0,0,0,1,0,1,6468,6455,6456,6356
2,2,2,2,0,1,1,1,1,1,1,11248,11235,11002,10646
3,1,1,2,0,0,1,1,1,0,0,8278,8265,8471,8631
5,1,1,2,1,1,1,1,0,1,1,12118,12105,12133,11724
3,1,1,1,0,0,0,0,1,1,1,7308,7295,7254,7845
3,2,1,2,0,0,1,1,1,1,1,9748,9735,9715,9536
2,1,1,1,1,1,0,1,1,0,0,9228,9215,9540,8218
3,1,2,1,1,1,1,1,0,1,0,9648,9635,9513,9905
1,1,2,3,0,0,1,0,0,1,1,4768,4755,4506,6062
2,2,2,1,1,0,0,0,0,0,0,4608,4595,4599,5271
5,1,2,1,0,0,1,1,1,1,1,11708,11695,11715,11951
4,2,2,3,0,0,1,1,0,0,1,9158,9145,8908,9291
1,2,2,1,1,1,1,0,1,1,0,8308,8295,7854,8281
4,2,2,2,0,1,0,1,0,1,0,10258,10245,10054,10192
1,2,1,3,1,1,1,1,0,0,1,8218,8205,7799,7756
3,2,2,2,1,1,1,1,0,0,1,10478,10465,10450,9996
1,1,2,1,0,0,0,0,0,1,0,3188,3175,3496,3739
3,2,1,1,0,1,1,0,0,0,1,7648,7635,7901,8528
4,2,1,3,1,0,1,1,0,1,1,9658,9645,9645,10141
3,1,2,2,0,1,0,0,0,1,0,7428,7415,7515,7398
4,1,2,1,0,0,0,0,0,1,1,6918,6905,6933,6976
5,2,1,3,1,0,0,0,0,1,1,8758,8745,8510,9605
4,1,1,1,0,0,0,1,1,1,0,9108,9095,9383,8635
3,1,1,1,1,1,1,1,1,1,0,11038,11025,10998,10066
5,1,2,1,1,0,0,1,1,1,1,11898,11885,11883,11839
1,1,1,1,0,0,0,0,1,0,1,4868,4855,4927,5148
3,2,1,1,1,0,1,0,1,0,0,7368,7355,7323,6969
3,1,1,2,1,1,0,1,1,1,1,11638,11625,11800,11269
2,1,2,1,0,1,0,0,1,1,0,8078,8065,8145,8165
3,1,2,1,0,0,1,1,1,1,0,8978,8965,8823,8605
5,2,2,2,1,0,0,1,0,0,1,10108,10095,9661,10689
1,1,2,3,0,0,1,1,0,0,0,5128,5115,5130,6049
5,2,2,2,0,1,1,0,0,1,1,10828,10815,10447,10094
5,1,1,2,0,0,0,1,1,1,1,11078,11065,11376,10758
2,2,2,1,1,0,1,1,0,0,1,7238,7225,7051,7054
2,1,2,3,0,1,1,1,0,1,0,8568,8555,8305,8456
1,2,2,1,0,1,0,0,1,1,1,8108,8095,8072,7572
1,2,2,2,0,1,1,0,0,1,1,6828,6815,6608,6719
3,1,2,3,1,0,0,1,0,1,1,8488,8475,8413,8779
5,1,1,2,0,0,0,1,0,1,1,9188,9175,9621,9308
1,2,1,3,1,0,1,0,0,0,0,3958,3945,3514,4285
4,1,1,2,1,1,0,1,0,0,1,10308,10295,10540,10412
5,2,1,1,0,0,0,1,1,1,0,10408,10395,10422,9999
5,2,1,3,1,0,1,1,1,1,1,12548,12535,12259,12402
5,1,1,2,0,0,1,0,1,0,0,8748,8735,9034,9132
2,2,1,1,1,0,0,0,0,1,0,4548,4535,4520,5022
5,2,2,3,1,0,0,0,1,1,0,10418,10405,10015,10469
2,1,1,2,1,0,1,0,0,0,1,5148,5135,5126,5018
4,2,2,3,0,0,0,0,1,0,1,9148,9135,9060,9584
3,2,2,2,0,0,0,1,0,0,0,6818,6805,6865,8245
3,1,1,2,0,0,1,1,1,0,1,9008,8995,9218,9042
2,2,2,3,1,0,0,0,0,0,0,5088,5075,4845,5452
4,1,1,3,1,0,1,0,1,1,0,8988,8975,8694,9285
2,1,1,2,0,0,1,1,0,0,1,6118,6105,6369,6041
5,1,1,2,0,1,0,0,0,0,1,9218,9205,9513,8685
3,1,2,1,0,0,1,0,1,1,0,7448,7435,7516,7339
1,2,1,2,0,0,1,1,0,0,1,5418,5405,5378,6836
3,1,2,2,0,0,1,0,1,0,1,7978,7965,8003,7649
3,2,2,2,1,0,1,0,1,1,0,8548,8535,8509,8694
4,1,1,2,1,0,1,1,0,0,0,7948,7935,7921,7934
4,1,2,1,1,0,0,1,1,1,1,10898,10885,10603,10941
4,2,1,1,0,1,0,0,1,0,1,10168,10155,10294,9872
4,1,1,1,0,1,1,1,1,0,1,11768,11755,12066,11418
3,2,2,1,1,1,0,0,1,0,1,10228,10215,9979,9462
1,1,2,2,0,0,0,0,0,1,0,3428,3415,3658,4686
5,2,2,1,0,0,0,0,1,0,1,9668,9655,9800,8916
4,1,2,2,1,1,1,1,1,0,1,13068,13055,12909,12035
3,1,1,1,1,1,0,1,0,1,0,8778,8765,9129,8225
2,2,1,1,0,0,1,1,1,1,0,7778,7765,7670,7259
5,2,2,2,1,0,0,1,0,0,0,9378,9365,9278,8318
5,1,1,2,1,0,0,0,0,1,1,8218,8205,8399,8824
1,2,1,3,0,1,1,1,1,1,1,9988,9975,9769,9816
2,2,1,3,0,1,0,1,1,1,1,10618,10605,10654,9614
4,1,2,1,0,0,1,0,1,0,1,8738,8725,8946,9149
3,1,2,2,1,0,1,0,1,0,1,8538,8525,8591,8509
1,1,2,3,0,0,0,0,0,0,0,3228,3215,3704,4604
1,1,1,2,0,0,1,0,1,1,0,5188,5175,5509,6431
1,2,1,2,0,1,1,0,1,0,1,7778,7765,8011,7519
3,1,1,3,0,1,1,1,0,1,0,9068,9055,8992,8724
4,2,2,2,1,1,0,1,0,1,1,11548,11535,11249,11296
3,1,2,3,0,0,1,0,1,0,1,8218,8205,8150,8596
4,2,1,2,0,1,0,1,1,0,0,11208,11195,11497,9784
5,1,1,2,1,1,0,0,1,0,1,11668,11655,12080,11122
2,1,2,3,0,0,0,0,1,0,1,6848,6835,6849,6744
1,2,1,1,0,0,1,0,0,0,1,3648,3635,3860,4299
5,1,2,2,0,0,1,0,1,1,0,9688,9675,9676,10352
4,1,2,3,1,1,0,1,0,0,0,10318,10305,10271,9372
4,1,1,1,1,1,0,1,0,0,0,9338,9325,9448,9304
5,2,1,1,1,0,1,0,0,0,1,8208,8195,8236,8198
4,2,2,2,1,1,0,1,0,0,0,10378,10365,10326,9786
5,2,2,2,1,0,1,1,0,0,0,9748,9735,9353,9402
5,1,1,2,0,1,1,0,0,1,1,10028,10015,9934,10055
5,1,1,1,1,0,0,1,1,0,0,10228,10215,10240,10384
4,2,1,3,1,1,1,1,0,0,1,11218,11205,11099,10744
4,1,1,2,1,1,1,0,1,1,0,10748,10735,10639,10609
1,2,2,1,1,0,1,1,0,1,0,5948,5935,5709,5775
4,1,2,2,1,1,1,0,0,1,1,10088,10075,9841,9659
5,2,1,3,1,1,1,1,0,1,0,11928,11915,11826,11466
5,2,1,3,1,0,1,0,0,0,1,8688,8675,8417,9338
5,2,1,2,1,1,0,1,1,1,1,13938,13925,13919,13389
5,1,2,3,1,1,0,0,0,0,0,9788,9775,9755,8994
1,1,1,2,0,1,1,0,0,0,1,5588,5575,6008,5814
5,1,1,3,0,1,0,0,1,0,1,11348,11335,11397,11436
5,2,2,2,0,0,1,1,1,0,0,11078,11065,11120,11344
2,1,2,3,1,0,1,1,1,1,1,9748,9735,9209,9284
2,1,1,3,0,0,0,0,0,0,1,4458,4445,4804,5222
5,1,2,1,1,1,1,0,1,0,1,12298,12285,12347,12082
2,2,2,3,0,1,0,0,0,1,0,6968,6955,6754,6412
4,2,2,1,1,0,0,1,1,1,0,10468,10455,10343,10301
4,2,2,3,0,0,1,1,1,1,1,11488,11475,11204,10552
4,1,2,3,1,1,0,0,1,1,0,11118,11105,11025,10358
3,2,1,1,1,1,0,0,1,1,0,9438,9425,9319,9192
3,2,2,2,0,1,1,0,0,1,0,8098,8085,7907,8785
5,1,2,3,1,1,1,1,1,1,0,14018,14005,13234,13196
1,2,1,3,0,1,1,1,0,0,1,7658,7645,7604,7446
5,1,2,2,1,1,1,0,0,1,0,10358,10345,10333,10955
1,1,2,2,0,0,0,1,1,0,1,7138,7125,7163,6595
2,2,2,2,0,1,0,0,1,0,0,8178,8165,8174,8482
1,2,1,2,0,0,1,1,1,0,1,7308,7295,7236,7026
4,1,1,2,1,0,0,0,0,1,1,7218,7205,7010,7465
2,2,2,2,1,0,1,1,1,1,0,9078,9065,8526,8964
3,1,2,2,1,1,1,1,0,1,0,9888,9875,9762,9809
1,1,1,1,1,1,0,1,0,1,0,6778,6765,6851,6528
3,2,2,2,1,0,1,1,0,0,0,7748,7735,7335,7858
5,2,2,3,1,0,1,1,0,1,0,10428,10415,9831,10246
3,1,2,3,0,1,1,1,0,1,0,9568,9555,9438,8978
4,2,1,2,0,0,1,0,0,0,0,6158,6145,6297,7626
3,1,2,3,0,0,1,0,0,0,1,6328,6315,6396,6411
5,1,1,3,1,1,1,1,1,1,1,14248,14235,14075,13596
3,2,2,3,1,0,1,1,0,1,1,9158,9145,8573,10092
2,2,1,2,1,0,0,1,1,0,1,8498,8485,8737,8199
2,1,2,1,1,0,0,1,1,1,1,8898,8885,8953,8634
3,1,1,1,0,0,0,1,1,0,1,8398,8385,8998,8852
1,2,1,1,0,0,0,1,1,1,0,6408,6395,6492,6102
1,2,1,1,0,0,0,0,1,1,1,5608,5595,5793,5866
2,1,2,1,0,0,0,0,1,0,0,5638,5625,6139,6858
4,2,2,2,1,0,1,1,0,1,0,9188,9175,9146,9779
2,1,1,3,0,1,0,1,0,0,1,7988,7975,8484,7701
2,2,1,1,1,1,1,0,1,0,0,8368,8355,8226,7612
3,1,2,2,0,1,1,0,1,1,1,10418,10405,10312,9834
3,1,1,2,0,0,1,1,1,0,1,9008,8995,9218,9042
3,2,1,3,0,1,0,1,1,1,1,11618,11605,11435,11075
1,2,1,3,0,0,0,1,0,1,1,5728,5715,5773,6054
1,2,1,2,0,1,1,1,0,1,0,7128,7115,7385,6988
1,1,2,3,1,0,1,1,1,1,1,8748,8735,8400,8089
1,2,2,2,1,1,0,0,0,1,1,7018,7005,6997,6884
1,1,2,2,1,1,1,0,0,1,0,6358,6345,6029,6212
4,2,1,1,1,1,0,1,1,0,1,12258,12245,12353,11324
2,1,2,2,0,0,1,1,0,0,0,5888,5875,5922,5559
3,1,2,1,0,1,1,1,1,0,1,11268,11255,11282,10502
5,1,1,2,1,0,1,0,1,1,1,10478,10465,10385,10045
3,1,2,1,1,0,1,0,1,0,1,8298,8285,8560,7844
3,2,1,2,0,1,1,1,1,1,1,11748,11735,11426,10912
5,1,1,3,0,1,1,0,1,1,0,11428,11415,11420,11031
5,1,2,3,1,1,0,0,1,0,0,11678,11665,11631,10598
4,1,1,2,1,1,1,0,0,0,1,9148,9135,9153,9025
5,1,2,1,0,0,1,0,1,1,1,10178,10165,10306,10042
3,2,2,3,0,0,1,0,0,1,1,7068,7055,6957,7286
4,1,1,1,1,1,0,0,0,0,1,8538,8525,8630,8316
3,2,1,2,0,0,1,1,0,1,1,7858,7845,7796,8104
1,1,2,3,1,0,0,0,1,1,1,6848,6835,6714,7075
5,2,2,3,1,0,0,1,1,0,1,12238,12225,11990,12349
4,1,2,3,0,0,0,0,0,1,1,7398,7385,7402,7554
4,2,1,2,0,0,1,1,1,1,0,10018,10005,9905,9629
3,2,1,3,0,0,0,0,1,1,0,7358,7345,7390,8376
1,1,1,2,1,0,1,0,0,0,0,3418,3405,3327,4138
5,1,1,2,0,1,0,0,0,1,1,9658,9645,9842,10221
4,1,2,3,0,0,0,1,0,0,0,7758,7745,7848,8802
5,1,2,1,0,0,0,1,0,0,0,8278,8265,8585,8528
5,1,1,1,1,0,1,0,1,1,0,9508,9495,9486,9858
1,1,2,3,1,1,1,0,0,0,0,6158,6145,6038,6472
4,2,1,1,1,0,0,1,1,0,1,10258,10245,10310,10518
1,1,1,2,0,1,0,0,1,1,0,6818,6805,7010,7211
4,1,2,2,0,1,1,0,1,0,1,10978,10965,11224,11141
5,2,1,3,1,1,1,0,0,1,1,11128,11115,11079,11394
3,2,1,2,1,0,1,0,0,0,1,6448,6435,6222,6404
5,2,1,2,1,1,1,1,0,0,1,11978,11965,11945,11632
3,2,2,3,1,1,0,1,0,1,0,10058,10045,9731,9654
1,2,2,2,0,0,1,1,0,0,0,5188,5175,5156,4689
5,1,1,3,1,0,1,0,1,0,0,9548,9535,9501,9124
4,2,2,1,1,0,0,0,0,0,1,7338,7325,7251,7655
1,2,2,3,1,0,0,0,0,0,1,4818,4805,4683,5955
4,2,2,3,1,1,1,0,1,0,1,12078,12065,11977,11726
2,2,2,2,1,0,1,0,1,1,1,8278,8265,8212,8099
2,1,2,2,1,1,1,1,0,1,0,8888,8875,8761,9054
4,2,2,3,1,0,0,1,1,0,1,11238,11225,10995,10962
4,1,1,2,0,0,0,0,1,1,1,8548,8535,8806,8484
4,1,2,3,0,0,1,0,1,1,1,9658,9645,9353,9602
5,2,1,3,0,0,1,0,1,0,0,9288,9275,9174,9541
1,1,2,3,1,0,0,0,1,0,0,5678,5665,5752,6062
3,1,2,3,1,0,1,0,0,1,1,7328,7315,7264,7508
1,2,1,3,1,1,0,0,0,1,0,6028,6015,5968,6501
4,1,1,1,0,1,0,0,0,0,1,7978,7965,8362,8786
2,1,2,1,0,0,0,0,1,0,0,5638,5625,6139,6858
5,1,1,3,0,1,1,0,1,1,1,12158,12145,11703,11098
4,1,2,3,1,0,0,1,0,0,1,9048,9035,9154,9795
5,1,2,1,1,1,0,1,1,0,1,13458,13445,13561,12705
1,2,1,3,0,0,0,1,0,1,1,5728,5715,5773,6054
2,2,2,1,0,0,0,1,0,1,0,6018,6005,6034,6286
1,1,1,2,1,0,0,0,1,1,0,5378,5365,5362,5432
1,1,1,2,1,0,1,0,0,0,0,3418,3405,3327,4138
4,2,2,3,1,1,1,0,0,0,1,10188,10175,9500,10965
5,2,2,2,1,0,0,0,0,0,1,8578,8565,8424,8342
5,2,1,1,0,1,1,0,1,1,0,11248,11235,11305,10519
1,2,1,1,1,0,0,1,0,0,0,4638,4625,4621,5149
1,1,1,1,0,0,1,1,1,0,0,6038,6025,6040,5548
1,2,2,1,0,1,0,0,1,1,0,7378,7365,7162,7406
3,2,1,1,1,0,0,1,0,0,0,6638,6625,7085,7408
1,2,2,3,0,1,0,1,1,0,1,9678,9665,9592,9339
5,1,1,3,0,1,0,1,0,1,1,11428,11415,11394,10478
2,1,1,1,0,1,0,0,1,0,1,7868,7855,8350,7882
1,2,1,2,1,1,1,0,0,0,0,5718,5705,5655,6459
1,1,2,3,0,1,1,1,0,1,0,7568,7555,7534,7485
3,1,1,3,0,0,1,1,1,1,1,9688,9675,9530,9875
3,1,1,2,1,0,0,0,0,1,0,5488,5475,5680,5928
1,2,2,2,1,0,0,0,1,0,1,6468,6455,6456,6356
3,2,1,1,1,0,1,0,1,0,1,8098,8085,7856,8141
5,2,1,1,0,0,0,0,1,1,1,9608,9595,9946,9966
2,2,1,2,0,1,0,0,1,0,1,8408,8395,8455,8851
3,2,1,1,0,1,0,0,0,1,0,6988,6975,6984,7018
2,1,2,1,0,0,0,0,1,1,1,6808,6795,6965,6022
3,1,2,1,1,1,1,0,1,0,1,10298,10285,10111,10196
3,1,2,1,1,1,0,1,1,0,1,11458,11445,11786,10896
1,1,1,3,0,1,0,0,0,1,0,5168,5155,5232,5831
2,1,2,2,0,1,0,1,0,1,1,8688,8675,8645,8529
4,2,2,1,1,1,1,1,1,1,0,12838,12825,12610,12086
1,2,2,1,0,0,0,0,0,1,0,3488,3475,3599,3744
3,2,1,1,0,1,0,1,1,0,1,10698,10685,10825,9998
4,1,1,2,0,1,1,1,1,1,0,11718,11705,11776,10692
4,1,1,1,0,0,0,0,1,1,1,8308,8295,8784,8312
1,2,1,3,0,1,1,0,1,0,0,7288,7275,7418,7562
3,1,1,2,0,0,1,1,1,1,1,9448,9435,9422,9321
1,1,2,2,1,1,0,1,1,1,1,10138,10125,9966,9439
2,2,2,3,1,0,0,1,0,0,0,6618,6605,6459,6484
1,2,1,3,1,1,1,1,1,1,0,9818,9805,9333,8518
5,1,2,2,1,1,0,1,0,1,0,11518,11505,11516,11221
2,1,1,2,1,1,1,0,0,1,1,7588,7575,7722,6052
4,1,1,2,1,0,0,0,1,0,0,7938,7925,8036,8718
2,2,1,2,0,1,1,1,1,1,0,10018,10005,9953,8788
4,1,1,1,1,0,1,0,1,1,1,9238,9225,8982,8929
1,1,1,2,0,0,1,1,0,0,0,4388,4375,4581,5204
2,2,1,3,1,1,0,1,0,0,0,8118,8105,8182,7186
5,2,2,2,0,1,1,0,1,1,1,12718,12705,12340,11726
2,1,2,2,0,0,0,0,0,1,0,4428,4415,4399,4934
5,2,1,3,1,0,0,0,0,0,0,7588,7575,7665,8425
5,1,2,2,1,0,1,0,1,1,0,10248,10235,10070,10175
1,2,1,1,0,1,1,1,0,1,1,7618,7605,7512,7101
5,2,2,1,1,0,1,1,0,1,1,10678,10665,10271,10875
3,1,1,2,1,0,1,1,1,0,1,9568,9555,9923,9324
3,2,1,1,0,1,1,0,0,0,0,6918,6905,6879,6595
5,1,1,1,0,0,1,0,0,1,0,7058,7045,7174,7211
1,1,2,1,0,0,0,1,0,0,1,5008,4995,5050,5528
3,2,1,1,0,1,1,0,0,1,1,8088,8075,8098,8829
4,1,1,2,0,0,1,1,1,0,0,9278,9265,9379,10214
1,1,1,1,0,1,1,1,1,0,1,8768,8755,9000,8658
4,1,1,3,1,0,0,0,1,0,0,8178,8165,8257,8376
5,2,1,3,1,1,0,1,1,1,0,13448,13435,13189,11756
2,1,1,1,1,1,0,1,0,1,0,7778,7765,7842,8488
3,1,1,1,1,1,1,1,0,1,0,9148,9135,9168,9215
2,1,2,1,0,1,0,0,1,1,1,8808,8795,9254,8334
1,1,1,3,1,0,1,1,0,0,1,5918,5905,5747,6026
3,1,1,2,0,1,1,1,0,1,1,9558,9545,9595,8288
2,1,2,1,1,1,1,0,1,0,0,8568,8555,8554,8006
2,1,2,3,1,0,0,1,1,0,1,8938,8925,8949,8222
4,1,1,2,0,1,0,0,1,1,0,9818,9805,9876,9571
2,2,1,1,1,0,1,1,0,1,1,7178,7165,6832,6995
5,2,1,2,0,1,1,0,0,0,1,9888,9875,9762,9801
4,1,2,2,0,0,1,1,1,0,0,9778,9765,10034,9746
2,2,1,1,0,0,1,0,0,1,1,5088,5075,5087,5246
5,2,1,1,0,0,1,1,1,1,1,11508,11495,11663,10579
1,1,1,2,1,0,1,0,1,1,0,5748,5735,5717,6198
2,2,2,2,0,0,0,0,1,0,1,6908,6895,7174,7739
4,2,2,3,0,1,1,0,1,1,0,11228,11215,10820,10851
5,2,2,3,1,1,0,0,1,0,1,12708,12695,12686,12368
5,1,2,3,0,1,1,1,1,1,0,13458,13445,13123,12496
5,2,2,1,0,1,0,1,1,0,0,12468,12455,12613,11849
5,2,2,1,1,0,0,0,0,1,1,8778,8765,8812,9532
3,2,1,1,1,0,1,1,0,1,0,7448,7435,7410,6508
3,1,2,3,0,0,0,1,1,1,1,9818,9805,9608,9308
5,2,1,1,0,1,0,1,0,0,1,10808,10795,10935,10126
4,2,1,1,0,0,0,0,1,1,0,7878,7865,7956,8361
5,1,1,2,1,1,1,1,1,1,1,14008,13995,14029,13082
2,1,2,3,0,1,1,1,0,0,0,8128,8115,8151,8124
3,1,2,2,1,0,0,0,1,1,1,8608,8595,8633,8769
5,2,2,2,0,1,0,1,0,0,0,10818,10805,10910,10941
4,1,2,3,1,1,0,0,1,0,1,11408,11395,11606,11448
1,1,1,3,0,0,1,0,1,1,0,5428,5415,5706,6518
1,1,1,3,0,0,1,1,0,0,1,5358,5345,5560,5609
3,2,2,1,1,1,0,1,0,0,1,9868,9855,9930,8936
2,1,1,1,1,1,1,0,0,0,1,6908,6895,7375,6631
5,1,1,1,1,1,1,0,1,0,0,11068,11055,11206,10841
5,1,2,2,0,1,0,1,1,1,0,12848,12835,12856,12435
1,1,2,1,1,1,1,0,1,1,1,8738,8725,8673,8152
2,1,2,1,1,0,0,0,1,1,1,7368,7355,7284,6539
3,2,1,2,0,0,1,0,0,1,0,5598,5585,5500,5891
1,2,2,1,1,1,0,0,1,0,1,8228,8215,8224,7795
5,2,2,1,1,1,1,1,1,1,0,13838,13825,13398,12968
4,1,2,3,1,0,1,1,0,1,0,9128,9115,9095,9022
5,1,2,2,1,0,1,1,0,1,0,9888,9875,9706,9552
1,2,1,2,1,1,1,0,0,0,0,5718,5705,5655,6459
2,2,2,2,0,0,0,0,1,0,0,6178,6165,6311,6959
5,1,1,2,1,0,0,1,1,0,0,10468,10455,10611,10535
4,1,2,3,0,1,1,1,1,1,1,13188,13175,12727,11761
5,1,2,3,1,1,1,1,0,1,0,12128,12115,11993,11619
5,1,1,1,0,0,0,1,1,0,0,9668,9655,9701,9938
4,2,1,3,1,0,1,0,1,0,1,9578,9565,9518,9261
1,2,1,1,0,1,1,1,1,1,0,8778,8765,8859,8609
2,2,1,3,1,0,0,1,1,0,1,8738,8725,8810,8169
5,1,2,2,1,1,1,1,0,0,0,11448,11435,11315,10872
4,1,1,3,0,1,1,0,0,0,0,8098,8085,8275,9079
2,1,2,2,1,0,0,0,1,0,0,6438,6425,6562,7061
2,1,1,2,0,0,0,1,0,0,0,5018,5005,5324,5131
5,1,1,1,0,1,1,1,1,1,0,12478,12465,12717,11691
2,2,1,3,0,1,1,1,1,0,1,10548,10535,10377,9928
4,1,1,1,0,1,1,0,0,0,1,8348,8335,8352,8391
2,1,2,1,1,0,0,0,0,0,1,5038,5025,5064,4984
5,1,2,1,1,0,1,0,1,0,0,9568,9555,9555,10448
1,2,1,3,0,1,0,0,0,1,0,5468,5455,5357,5554
1,1,2,1,0,0,0,0,0,0,0,2748,2735,2874,3938
3,2,1,1,0,0,1,1,0,1,1,7618,7605,7536,7545
4,2,2,3,0,1,0,0,1,1,0,10858,10845,10606,10574
2,1,1,1,0,0,0,1,1,0,0,6668,6655,7007,7152
2,2,1,1,0,1,1,1,1,0,1,10068,10055,9978,9569
4,2,1,2,1,1,1,0,1,1,1,11778,11765,11335,10749
5,2,1,2,1,1,0,0,0,1,0,9788,9775,10094,10761
3,1,1,2,1,0,0,0,0,1,0,5488,5475,5680,5928
5,2,2,3,1,1,0,0,0,0,0,10088,10075,9820,10142
5,1,2,3,1,1,0,0,0,0,0,9788,9775,9755,8994
3,2,2,1,0,1,1,1,0,1,0,9388,9375,8834,8924
3,2,1,1,1,0,0,1,1,0,0,8528,8515,8616,8754
2,1,2,1,0,1,1,0,0,0,0,6118,6105,6243,6995
